date,benchmark_close
2016-01-01,101.08652819462796
2016-01-04,99.87569785968672
2016-01-05,100.48669868256374
2016-01-06,101.84780296264027
2016-01-07,100.29234427095318
2016-01-08,99.20852788341706
2016-01-11,98.72624983461846
2016-01-12,97.72053010358182
2016-01-13,97.82065782083909
2016-01-14,97.24049911247614
2016-01-15,98.42443615228407
2016-01-18,98.58319582344772
2016-01-19,100.6965138607286
2016-01-20,100.90610041861376
2016-01-21,101.70895486645598
2016-01-22,101.10302435184012
2016-01-25,102.28781310936718
2016-01-26,101.39538372284261
2016-01-27,102.93963997369727
2016-01-28,102.49401885823458
2016-01-29,102.42119439330645
2016-02-01,101.83950756566148
2016-02-02,102.74014218567379
2016-02-03,100.75572235244418
2016-02-04,100.52228047286108
2016-02-05,100.22448229295466
2016-02-08,100.84072848435615
2016-02-09,100.83755664899283
2016-02-10,101.22258678139444
2016-02-11,100.60286235884537
2016-02-12,103.3846077789256
2016-02-15,102.85159559466422
2016-02-16,103.0146242538523
2016-02-17,101.97399445280054
2016-02-18,101.20894082611295
2016-02-19,102.1814433646416
2016-02-22,102.64944238885278
2016-02-23,101.96549476029199
2016-02-24,100.87433864913994
2016-02-25,103.01661589071921
2016-02-26,105.50884598989948
2016-02-29,105.98472554658687
2016-03-01,105.07116199311376
2016-03-02,105.54077857749701
2016-03-03,105.46475778111146
2016-03-04,105.3764860008491
2016-03-07,105.30650516396622
2016-03-08,104.28970325544762
2016-03-09,105.12191364948285
2016-03-10,104.4059199427287
2016-03-11,104.66053270163052
2016-03-14,105.96482825625915
2016-03-15,104.09041329611027
2016-03-16,103.6079068834941
2016-03-17,103.34322459365978
2016-03-18,103.0196487566727
2016-03-21,103.93449407978855
2016-03-22,103.53738328278064
2016-03-23,101.81667653655163
2016-03-24,103.31455640484106
2016-03-25,100.80007792495516
2016-03-28,99.73663356662429
2016-03-29,99.3883910824196
2016-03-30,100.27442939151436
2016-03-31,100.42400733688137
2016-04-01,101.67003369740067
2016-04-04,101.90043740632981
2016-04-05,101.80903281734554
2016-04-06,103.67519534416881
2016-04-07,103.33517545899781
2016-04-08,101.95582032276161
2016-04-11,100.348414230351
2016-04-12,99.29004248088053
2016-04-13,100.00066352014649
2016-04-14,100.73787935759009
2016-04-15,100.03820175127785
2016-04-18,99.68870868779311
2016-04-19,100.3287883724673
2016-04-20,100.76532327453377
2016-04-21,100.45278244005432
2016-04-22,100.73239777697194
2016-04-25,100.36081428824988
2016-04-26,98.8556003055434
2016-04-27,99.12051147137086
2016-04-28,98.33786617632722
2016-04-29,99.33205602243166
2016-05-02,99.67787065342846
2016-05-03,99.29655723741824
2016-05-04,100.0694967846068
2016-05-05,100.91851622415102
2016-05-06,101.61789734521307
2016-05-09,102.03279233839933
2016-05-10,100.63081050525541
2016-05-11,100.33956761808638
2016-05-12,99.83069568053881
2016-05-13,97.83105026131253
2016-05-16,95.48302136939358
2016-05-17,95.63149112519781
2016-05-18,95.80203238466848
2016-05-19,94.67540629466843
2016-05-20,94.05726066281453
2016-05-23,94.92162370220952
2016-05-24,94.2023122810779
2016-05-25,94.87735127782348
2016-05-26,94.64857399185487
2016-05-27,94.60561494147447
2016-05-30,92.81859311456044
2016-05-31,92.25123994797343
2016-06-01,93.8799132554332
2016-06-02,92.37618398598222
2016-06-03,93.53238603396778
2016-06-06,92.92768242587324
2016-06-07,92.24531150667379
2016-06-08,90.80027196742643
2016-06-09,90.66944790535663
2016-06-10,89.71650024262972
2016-06-13,90.11844288740028
2016-06-14,90.50957387998805
2016-06-15,91.75674332614082
2016-06-16,92.85742402133803
2016-06-17,91.38789731794013
2016-06-20,91.71862688395176
2016-06-21,91.38003672322256
2016-06-22,92.74673413397602
2016-06-23,94.44960290631319
2016-06-24,94.69425676409415
2016-06-27,96.57028693221159
2016-06-28,95.55588452765396
2016-06-29,94.54665609564613
2016-06-30,93.11359511771214
2016-07-01,93.33227162619839
2016-07-04,92.32962482996429
2016-07-05,93.91569179471246
2016-07-06,93.79909559640078
2016-07-07,93.56975716095641
2016-07-08,92.95489735519698
2016-07-11,92.4583563512051
2016-07-12,92.72971534083281
2016-07-13,94.57758471739389
2016-07-14,97.92476756717775
2016-07-15,99.22920582521982
2016-07-18,97.68798129904668
2016-07-19,94.95512628601803
2016-07-20,96.08241086775496
2016-07-21,94.92758896567557
2016-07-22,94.64694683614348
2016-07-25,94.03167091244336
2016-07-26,93.48120913642255
2016-07-27,94.43122296675772
2016-07-28,94.10694784005872
2016-07-29,92.943944000198
2016-08-01,92.62389977935064
2016-08-02,91.53573627791765
2016-08-03,91.19390897057274
2016-08-04,90.2334373353073
2016-08-05,91.61702303631385
2016-08-08,92.22726631358921
2016-08-09,94.32315172546473
2016-08-10,95.48350563426743
2016-08-11,94.1680219760112
2016-08-12,93.26074697390928
2016-08-15,92.82447117746547
2016-08-16,95.55934320267889
2016-08-17,95.60959044127011
2016-08-18,96.35763164526159
2016-08-19,95.63045666163381
2016-08-22,96.4602486240594
2016-08-23,95.94061636633171
2016-08-24,95.50747701781287
2016-08-25,95.30543615896897
2016-08-26,93.68561608882328
2016-08-29,93.2602397532852
2016-08-30,91.7386752227568
2016-08-31,91.01754650819923
2016-09-01,89.56059290731005
2016-09-02,88.13176075192673
2016-09-05,90.40243739747193
2016-09-06,90.2780832308448
2016-09-07,89.63780429824223
2016-09-08,90.07838135419291
2016-09-09,91.55568192306808
2016-09-12,91.3285394285435
2016-09-13,91.24354024253958
2016-09-14,92.93016412200423
2016-09-15,93.1138474948108
2016-09-16,95.64619894884108
2016-09-19,96.44289123028973
2016-09-20,96.36772504328563
2016-09-21,94.25602806504214
2016-09-22,94.98301247836511
2016-09-23,97.36823271329135
2016-09-26,98.26371985564673
2016-09-27,98.27403956895591
2016-09-28,99.51824376868187
2016-09-29,98.439330376646
2016-09-30,96.59453705042121
2016-10-03,97.20615676609327
2016-10-04,96.4573906900602
2016-10-05,95.99045995682059
2016-10-06,95.69661407425251
2016-10-07,95.37077417673986
2016-10-10,96.71848131105897
2016-10-11,96.11072116590866
2016-10-12,96.82893296453354
2016-10-13,95.38426552040396
2016-10-14,94.77236468164583
2016-10-17,94.02741462607392
2016-10-18,92.68706720811736
2016-10-19,90.92181958417726
2016-10-20,90.8783196781167
2016-10-21,91.63430820007174
2016-10-24,91.63373802945043
2016-10-25,91.73075950540793
2016-10-26,90.88311307741245
2016-10-27,91.70066744898148
2016-10-28,92.50912978679625
2016-10-31,93.2772877639877
2016-11-01,94.64180307777474
2016-11-02,95.88161202158987
2016-11-03,95.37004524632405
2016-11-04,94.69669653163935
2016-11-07,94.51791389341643
2016-11-08,95.01769488327126
2016-11-09,94.88647268934537
2016-11-10,96.00598587642148
2016-11-11,96.2340053361772
2016-11-14,98.86665880262345
2016-11-15,101.83887884633407
2016-11-16,100.80190540863263
2016-11-17,100.76600610604854
2016-11-18,98.75803292527027
2016-11-21,98.00810237993831
2016-11-22,99.11432458413728
2016-11-23,101.1876684958716
2016-11-24,99.61359169313502
2016-11-25,98.68540489904777
2016-11-28,96.13661852604578
2016-11-29,95.00280090709403
2016-11-30,93.7944348139724
2016-12-01,92.97249729753025
2016-12-02,91.7905207193347
2016-12-05,92.65641452527336
2016-12-06,91.14840928862904
2016-12-07,90.80131180659322
2016-12-08,92.22022217031338
2016-12-09,91.95107510853676
2016-12-12,91.62566235280627
2016-12-13,92.3414134017468
2016-12-14,95.51374798323813
2016-12-15,94.79982245158996
2016-12-16,92.82862590470174
2016-12-19,93.44043542126747
2016-12-20,95.39682736973535
2016-12-21,94.90825449771935
2016-12-22,94.29415007742662
2016-12-23,95.90527250026818
2016-12-26,96.5301509010088
2016-12-27,95.49553810047561
2016-12-28,94.21860275039391
2016-12-29,93.0906963196216
2016-12-30,92.60938050192644
2017-01-02,91.73985301479756
2017-01-03,91.10412344266659
2017-01-04,89.95287158072998
2017-01-05,89.81073862592719
2017-01-06,90.44252354332917
2017-01-09,88.95390044806155
2017-01-10,90.1894424213273
2017-01-11,89.95378574282725
2017-01-12,90.20748929360518
2017-01-13,89.09122054810553
2017-01-16,89.93777310886279
2017-01-17,89.13573372006083
2017-01-18,90.13307303989924
2017-01-19,91.81133945062365
2017-01-20,92.3829589976773
2017-01-23,90.37585190688114
2017-01-24,88.38763831566712
2017-01-25,90.57555721151034
2017-01-26,91.2147646662645
2017-01-27,92.08153867032738
2017-01-30,91.09062896549635
2017-01-31,92.63779761369824
2017-02-01,93.40682858341538
2017-02-02,92.29043677799466
2017-02-03,92.50880542714036
2017-02-06,92.97598899734534
2017-02-07,94.74117882015973
2017-02-08,93.66761597422109
2017-02-09,94.30878273287462
2017-02-10,94.12471979292638
2017-02-13,94.54875463232814
2017-02-14,97.03231968945038
2017-02-15,94.64239097892748
2017-02-16,93.7566342639362
2017-02-17,93.11138874001465
2017-02-20,92.10768980861398
2017-02-21,92.17869290455788
2017-02-22,89.93601675053355
2017-02-23,90.20615041049885
2017-02-24,92.00100625561893
2017-02-27,91.48749950790375
2017-02-28,92.97815911440065
2017-03-01,92.173058632658
2017-03-02,92.73068876086884
2017-03-03,92.18305140384214
2017-03-06,92.84355427240058
2017-03-07,93.40797854393294
2017-03-08,93.29680270948111
2017-03-09,94.90621430123412
2017-03-10,95.82000011381055
2017-03-13,96.77876964938184
2017-03-14,99.36497597026495
2017-03-15,100.23833746477419
2017-03-16,98.72168051355858
2017-03-17,98.05496440133982
2017-03-20,97.95955617174619
2017-03-21,97.10154318126744
2017-03-22,97.69365586233286
2017-03-23,96.48879114649863
2017-03-24,97.5377172674328
2017-03-27,97.30593476659533
2017-03-28,99.28085091903759
2017-03-29,100.82724523129086
2017-03-30,102.62880388231943
2017-03-31,103.58794293139098
2017-04-03,102.30633675876784
2017-04-04,102.7152480864637
2017-04-05,101.26622660411144
2017-04-06,99.99432862545959
2017-04-07,100.53214585424998
2017-04-10,100.98648907476999
2017-04-11,100.03047642931662
2017-04-12,97.55727259957825
2017-04-13,97.53953198117524
2017-04-14,96.18647707685763
2017-04-17,95.56797700003294
2017-04-18,95.65945368143423
2017-04-19,95.84224099901462
2017-04-20,96.68585217044162
2017-04-21,95.65816370016964
2017-04-24,95.47717383741916
2017-04-25,95.15491850801962
2017-04-26,95.10290224742069
2017-04-27,96.18729369280784
2017-04-28,94.26372168339643
2017-05-01,94.59592551474051
2017-05-02,95.73556748489867
2017-05-03,94.07326507199252
2017-05-04,94.70588401503196
2017-05-05,93.99784716710805
2017-05-08,94.1457926321284
2017-05-09,94.42618589274917
2017-05-10,94.87393021172866
2017-05-11,95.76392864789852
2017-05-12,97.14546273633258
2017-05-15,97.18806723474655
2017-05-16,97.44877241546969
2017-05-17,96.44201825085472
2017-05-18,94.69605869786736
2017-05-19,95.59441398672456
2017-05-22,95.69385380543545
2017-05-23,95.4109724239565
2017-05-24,94.96165658364309
2017-05-25,94.26251429571745
2017-05-26,95.14268713494548
2017-05-29,94.92366857981473
2017-05-30,94.58276900303153
2017-05-31,94.55626453114954
2017-06-01,97.23281406205335
2017-06-02,97.85117997532336
2017-06-05,98.33035110087278
2017-06-06,99.17619031884786
2017-06-07,100.76890717364088
2017-06-08,100.68476983904766
2017-06-09,101.8826990345085
2017-06-12,102.01505656164167
2017-06-13,100.1637936177606
2017-06-14,102.00548314215288
2017-06-15,101.22145311925259
2017-06-16,102.02211165040072
2017-06-19,102.56840600100472
2017-06-20,101.17054967278793
2017-06-21,99.09688720213667
2017-06-22,98.14394397527917
2017-06-23,97.79695217653219
2017-06-26,99.1244523672038
2017-06-27,99.57476279024708
2017-06-28,100.20224331213808
2017-06-29,98.99595530472979
2017-06-30,96.83692114618343
2017-07-03,95.61934461829992
2017-07-04,94.3691387649178
2017-07-05,95.29258776325261
2017-07-06,95.09178620498695
2017-07-07,95.43520398861153
2017-07-10,96.83429181054031
2017-07-11,97.68648783806876
2017-07-12,97.77723182576528
2017-07-13,96.26855229578591
2017-07-14,96.1652064790654
2017-07-17,96.7759913674249
2017-07-18,98.57218008021883
2017-07-19,97.50004760061157
2017-07-20,96.72727307424188
2017-07-21,97.34079081254585
2017-07-24,96.33188389615876
2017-07-25,96.35234698862455
2017-07-26,95.97507031391592
2017-07-27,94.7463474343407
2017-07-28,93.77155281673353
2017-07-31,91.44745633143161
2017-08-01,90.2563685883104
2017-08-02,90.9179326036728
2017-08-03,90.01745764180211
2017-08-04,90.72163694424347
2017-08-07,91.82744984974768
2017-08-08,92.71783375387736
2017-08-09,92.35604752094704
2017-08-10,94.46236972149593
2017-08-11,94.69533421960813
2017-08-14,95.34926918913995
2017-08-15,95.57592089388191
2017-08-16,94.85696045123531
2017-08-17,93.0662376375836
2017-08-18,92.92553406195891
2017-08-21,92.64152743394729
2017-08-22,95.75827994906699
2017-08-23,94.43611129144418
2017-08-24,93.79608291846455
2017-08-25,93.5386954625178
2017-08-28,94.17433752785995
2017-08-29,94.0167604683373
2017-08-30,92.444825945149
2017-08-31,91.73935885524615
2017-09-01,92.03343279370819
2017-09-04,90.59954554671884
2017-09-05,89.20168246550327
2017-09-06,88.59652170251475
2017-09-07,88.11344549646115
2017-09-08,87.29647875145031
2017-09-11,87.63367667214845
2017-09-12,89.12550609291196
2017-09-13,90.51613936967279
2017-09-14,90.6916945492857
2017-09-15,89.22970060205218
2017-09-18,89.77012218318859
2017-09-19,89.6687645409938
2017-09-20,90.02072446723938
2017-09-21,89.82271885991727
2017-09-22,90.08457094862294
2017-09-25,90.47246235507717
2017-09-26,92.60978854947908
2017-09-27,94.57496622941278
2017-09-28,96.02691553526248
2017-09-29,95.22588229396271
2017-10-02,96.03882589231453
2017-10-03,95.25717586337991
2017-10-04,96.14100446715736
2017-10-05,95.97734109444298
2017-10-06,96.87073151451025
2017-10-09,95.27149008845731
2017-10-10,92.9430231184694
2017-10-11,90.35673914329433
2017-10-12,89.48092949129624
2017-10-13,89.1304717909193
2017-10-16,89.90736347747789
2017-10-17,90.64350982816003
2017-10-18,90.95663864859883
2017-10-19,90.00597561264347
2017-10-20,89.7909683897303
2017-10-23,89.9824900597933
2017-10-24,88.76110040492709
2017-10-25,89.40569730573138
2017-10-26,89.84362277466667
2017-10-27,89.4646127023368
2017-10-30,89.92722064118247
2017-10-31,89.56656932139312
2017-11-01,89.98104517026286
2017-11-02,93.2372139213636
2017-11-03,92.30422394397576
2017-11-06,95.01073936798801
2017-11-07,94.6175349213453
2017-11-08,96.22465617128854
2017-11-09,97.07142800836716
2017-11-10,96.14802738077977
2017-11-13,95.35976021058526
2017-11-14,95.99159305837865
2017-11-15,94.65078076353493
2017-11-16,96.42129920869323
2017-11-17,98.53437838404395
2017-11-20,99.59259233860473
2017-11-21,100.60504120508236
2017-11-22,101.35069496910575
2017-11-23,100.64410417641591
2017-11-24,101.50536309497123
2017-11-27,99.45684197016325
2017-11-28,98.73916448597473
2017-11-29,96.89448365976611
2017-11-30,95.56479416635973
2017-12-01,96.8200096467736
2017-12-04,99.04905158222547
2017-12-05,98.18168611869564
2017-12-06,98.20555053185483
2017-12-07,96.25630676894313
2017-12-08,96.18984221137809
2017-12-11,97.37342797765974
2017-12-12,100.11244318971306
2017-12-13,99.38827845845137
2017-12-14,100.13676661054294
2017-12-15,98.27443146437989
2017-12-18,97.6245004648015
2017-12-19,97.35843685796597
2017-12-20,97.73346210638809
2017-12-21,97.65581437476621
2017-12-22,99.81269936946492
2017-12-25,100.1565945151475
2017-12-26,98.97181655908642
2017-12-27,100.8155213167312
2017-12-28,102.37125979938571
2017-12-29,101.4691937932635
2018-01-01,100.67996451747419
2018-01-02,101.22346468316282
2018-01-03,101.63981793504306
2018-01-04,102.09649412683241
2018-01-05,101.2614457659589
2018-01-08,102.69966087814603
2018-01-09,101.82485842511865
2018-01-10,102.15543141251172
2018-01-11,103.79645170237339
2018-01-12,103.02708950447766
2018-01-15,101.14170497152645
2018-01-16,100.75245018934581
2018-01-17,100.85558209433489
2018-01-18,100.7703245397312
2018-01-19,101.98961006503389
2018-01-22,101.88554708115399
2018-01-23,103.1832168856758
2018-01-24,101.00744799644056
2018-01-25,99.63412740075042
2018-01-26,97.73864683422877
2018-01-29,96.62285980268624
2018-01-30,96.81857309914429
2018-01-31,96.40405630659085
2018-02-01,96.52244065208015
2018-02-02,97.6553008416298
2018-02-05,97.27077262983066
2018-02-06,96.4458974378772
2018-02-07,97.36206638500397
2018-02-08,98.30063382045088
2018-02-09,97.99451119544824
2018-02-12,99.32865604325292
2018-02-13,98.90751419118205
2018-02-14,99.32836152148475
2018-02-15,99.48673656732873
2018-02-16,99.84579511901595
2018-02-19,99.19216337839575
2018-02-20,97.77966042026688
2018-02-21,97.60358765511961
2018-02-22,96.36000446005295
2018-02-23,95.48369149387109
2018-02-26,97.32998921555125
2018-02-27,97.00876722523563
2018-02-28,96.40654633379579
2018-03-01,98.00355956661437
2018-03-02,98.93723698377084
2018-03-05,98.75775194962414
2018-03-06,98.79566489106021
2018-03-07,99.6772743850363
2018-03-08,100.62358010838757
2018-03-09,98.92495095780461
2018-03-12,98.9018233979201
2018-03-13,99.98351040124385
2018-03-14,99.61947745431505
2018-03-15,98.91255585847662
2018-03-16,98.07524244957827
2018-03-19,99.96043335726166
2018-03-20,101.82306142854688
2018-03-21,102.42084890826735
2018-03-22,102.36375529365125
2018-03-23,98.00884087856126
2018-03-26,96.77692507991608
2018-03-27,96.15999653949628
2018-03-28,94.8101225006707
2018-03-29,96.03415072771035
2018-03-30,99.13268761194745
2018-04-02,99.0083531311414
2018-04-03,97.74166653896671
2018-04-04,96.67121288216867
2018-04-05,98.46806684408912
2018-04-06,96.8419004547527
2018-04-09,97.0325136959573
2018-04-10,100.0858678295846
2018-04-11,99.67959901967913
2018-04-12,98.68719803730114
2018-04-13,97.64156652185429
2018-04-16,96.25291489959346
2018-04-17,96.40044838036296
2018-04-18,96.98602117588479
2018-04-19,95.27935102360469
2018-04-20,97.08148349291653
2018-04-23,96.32016453262736
2018-04-24,96.4379129252864
2018-04-25,95.13400495225946
2018-04-26,93.81230171995176
2018-04-27,92.85699157832696
2018-04-30,92.28298326673071
2018-05-01,91.92718244870633
2018-05-02,90.99482106195688
2018-05-03,90.85338386536917
2018-05-04,89.52459338865964
2018-05-07,90.93959838190615
2018-05-08,88.90399757172979
2018-05-09,89.27357649266071
2018-05-10,88.46075081399638
2018-05-11,86.45175229710014
2018-05-14,86.85796034607357
2018-05-15,88.23261522493902
2018-05-16,88.25018094446332
2018-05-17,89.33849286932771
2018-05-18,89.3985217720978
2018-05-21,88.16559188191977
2018-05-22,87.8641804508949
2018-05-23,88.72893636703682
2018-05-24,89.2109433897152
2018-05-25,89.76829311459193
2018-05-28,89.34647391900018
2018-05-29,89.59684603610987
2018-05-30,88.00495957688395
2018-05-31,85.87140135036186
2018-06-01,86.82444184367785
2018-06-04,89.6709012326954
2018-06-05,89.5390879636567
2018-06-06,88.47607317703321
2018-06-07,87.81407360108864
2018-06-08,87.80425188637597
2018-06-11,87.61367873732384
2018-06-12,86.24961889285548
2018-06-13,86.83721138253536
2018-06-14,87.27187858135767
2018-06-15,86.05036507145432
2018-06-18,87.4909183246
2018-06-19,90.06258677588075
2018-06-20,90.42287750462661
2018-06-21,89.27164736833173
2018-06-22,90.41974848523843
2018-06-25,91.21303084483237
2018-06-26,89.34085993287854
2018-06-27,88.70847853896572
2018-06-28,88.31868231460146
2018-06-29,90.32601850271445
2018-07-02,91.26443499438928
2018-07-03,92.70846722577843
2018-07-04,91.96277399062261
2018-07-05,93.48221216776359
2018-07-06,92.95357322529746
2018-07-09,92.40086190340237
2018-07-10,92.64094787756166
2018-07-11,92.6967860156271
2018-07-12,93.26440531706265
2018-07-13,91.84521363660721
2018-07-16,92.35150488497405
2018-07-17,92.14754713414925
2018-07-18,91.73384653873389
2018-07-19,91.65461077813741
2018-07-20,89.702138445291
2018-07-23,88.21412115697424
2018-07-24,87.67335374846326
2018-07-25,87.88995446299376
2018-07-26,86.02675760544042
2018-07-27,86.41685143789597
2018-07-30,85.53207675116315
2018-07-31,85.15640914957301
2018-08-01,84.44895881580882
2018-08-02,84.98829327117085
2018-08-03,85.6390781690937
2018-08-06,87.08382528821093
2018-08-07,88.02480867451034
2018-08-08,88.32066641029304
2018-08-09,86.48406888629174
2018-08-10,86.43461700781953
2018-08-13,86.67875026989557
2018-08-14,87.55723163907206
2018-08-15,86.98383780537063
2018-08-16,85.71416820429752
2018-08-17,84.88649378649791
2018-08-20,85.97146923652421
2018-08-21,87.64363936558674
2018-08-22,87.62864640790235
2018-08-23,87.97056070939921
2018-08-24,88.05135581782216
2018-08-27,88.07530668591997
2018-08-28,89.82339921112987
2018-08-29,87.6329136533874
2018-08-30,86.36588184774345
2018-08-31,85.33428127405053
2018-09-03,83.45340575928633
2018-09-04,82.37801252655835
2018-09-05,81.3017971246062
2018-09-06,81.57551260151811
2018-09-07,81.3042594759364
2018-09-10,82.31679912780235
2018-09-11,82.7810703731903
2018-09-12,82.43221253270994
2018-09-13,82.84111852272912
2018-09-14,82.44069335177684
2018-09-17,80.84307276106665
2018-09-18,81.51401959728658
2018-09-19,81.02810208754185
2018-09-20,82.39480082667828
2018-09-21,81.8912770795958
2018-09-24,82.70794524582865
2018-09-25,82.05577142072352
2018-09-26,83.50268154962345
2018-09-27,83.52305896901471
2018-09-28,82.77570443031584
2018-10-01,81.66435191643335
2018-10-02,82.09360591296063
2018-10-03,82.15971667400444
2018-10-04,80.77349035457459
2018-10-05,80.08085028655185
2018-10-08,81.14829969099878
2018-10-09,79.65493530348138
2018-10-10,78.72896794018875
2018-10-11,77.37508857558251
2018-10-12,79.3449141037271
2018-10-15,80.45520490135884
2018-10-16,79.38246815104992
2018-10-17,78.76100549176957
2018-10-18,77.47804630972482
2018-10-19,77.94709008907432
2018-10-22,78.62598065606896
2018-10-23,79.32077917563105
2018-10-24,78.80072888027402
2018-10-25,78.44705735916982
2018-10-26,78.13493385314885
2018-10-29,77.42225771749872
2018-10-30,77.9574940654215
2018-10-31,75.96951344530528
2018-11-01,73.18529556388621
2018-11-02,73.66755713248432
2018-11-05,75.26443037752577
2018-11-06,74.9769341636724
2018-11-07,73.21726153504265
2018-11-08,72.85136440223893
2018-11-09,72.9285488596465
2018-11-12,74.48222524809157
2018-11-13,74.04627442335455
2018-11-14,73.49092239725239
2018-11-15,72.68692196342309
2018-11-16,73.46706508471033
2018-11-19,72.94721247787166
2018-11-20,72.53477974243012
2018-11-21,73.58871784143993
2018-11-22,75.53040818984104
2018-11-23,75.85651581661719
2018-11-26,75.14388596834013
2018-11-27,76.26390926580176
2018-11-28,77.2469684657577
2018-11-29,78.23065385102541
2018-11-30,79.51708547868499
2018-12-03,80.08091617302026
2018-12-04,80.53887546914567
2018-12-05,80.7739545978488
2018-12-06,81.38268781303152
2018-12-07,79.97616356093191
2018-12-10,79.89804089309487
2018-12-11,78.76649341517484
2018-12-12,77.43802080154396
2018-12-13,79.6789825729899
2018-12-14,81.5099219783265
2018-12-17,82.02096585066207
2018-12-18,83.0505931355672
2018-12-19,84.26035859361829
2018-12-20,84.96131380650212
2018-12-21,85.5400715165302
2018-12-24,84.3882893421901
2018-12-25,85.45365125059682
2018-12-26,85.48478516207238
2018-12-27,84.38011173712027
2018-12-28,83.35158816083424
2018-12-31,83.55761946414488
2019-01-01,85.37453077849788
2019-01-02,86.03739285452566
2019-01-03,85.5737592306435
2019-01-04,86.34513985637098
2019-01-07,86.83547517070063
2019-01-08,85.33098176424981
2019-01-09,85.94783437841667
2019-01-10,85.87334586774669
2019-01-11,85.79805974021762
2019-01-14,86.13047708987034
2019-01-15,87.25754375065446
2019-01-16,89.64813367981269
2019-01-17,88.4092786612484
2019-01-18,87.50524118136613
2019-01-21,87.05112577943164
2019-01-22,87.95607474866263
2019-01-23,89.95236216401246
2019-01-24,89.54012680362116
2019-01-25,89.52307467233945
2019-01-28,88.94841489283398
2019-01-29,89.07186191596166
2019-01-30,89.48659329730555
2019-01-31,91.152066048101
2019-02-01,92.25160046687901
2019-02-04,93.43509617878308
2019-02-05,91.1865701106818
2019-02-06,92.26986150851276
2019-02-07,91.53678259939826
2019-02-08,90.55185929278204
2019-02-11,89.77804295681001
2019-02-12,90.26619534555445
2019-02-13,90.13194568809641
2019-02-14,89.88890083313777
2019-02-15,90.42503611395317
2019-02-18,89.43535197690187
2019-02-19,89.98482717158203
2019-02-20,89.96942470221045
2019-02-21,88.87656206259263
2019-02-22,87.71323851388172
2019-02-25,88.08495079832906
2019-02-26,88.4604887448717
2019-02-27,87.63519630415011
2019-02-28,86.98178152288816
2019-03-01,87.10723736349094
2019-03-04,88.05827306258695
2019-03-05,87.31389590732682
2019-03-06,88.56845510442808
2019-03-07,86.98312842476614
2019-03-08,87.49408006234889
2019-03-11,88.86818451562593
2019-03-12,87.11795707578138
2019-03-13,86.18514875250735
2019-03-14,84.94599738412607
2019-03-15,85.03578670733891
2019-03-18,85.11792340269918
2019-03-19,85.60382909548491
2019-03-20,86.32234650230173
2019-03-21,85.98269360033673
2019-03-22,86.71120480842475
2019-03-25,86.28006070205774
2019-03-26,87.99974945755285
2019-03-27,87.34136069371466
2019-03-28,88.44348841777312
2019-03-29,87.8155833090977
2019-04-01,89.76084209433017
2019-04-02,92.43798790129219
2019-04-03,92.49164929676274
2019-04-04,93.18208154767218
2019-04-05,93.81834608462262
2019-04-08,93.55970248908584
2019-04-09,94.5527567743032
2019-04-10,94.18662834690966
2019-04-11,92.43898557824832
2019-04-12,92.30659404173285
2019-04-15,93.7464865917188
2019-04-16,95.27028037238222
2019-04-17,93.26298402996925
2019-04-18,93.48280145992821
2019-04-19,93.43597808303151
2019-04-22,91.9474831472655
2019-04-23,92.20184340823876
2019-04-24,91.04972732224167
2019-04-25,92.05892665266386
2019-04-26,93.04588016714226
2019-04-29,92.40505933706811
2019-04-30,91.38905402324693
2019-05-01,90.78165696264273
2019-05-02,91.19666557016363
2019-05-03,92.17486627591923
2019-05-06,91.63320101363045
2019-05-07,92.38545566609383
2019-05-08,92.7044368369432
2019-05-09,90.90787863273951
2019-05-10,88.69689239362731
2019-05-13,88.52155370309464
2019-05-14,88.9860269728846
2019-05-15,87.45282172263242
2019-05-16,86.37421497645373
2019-05-17,86.75030275886795
2019-05-20,86.3720763682289
2019-05-21,85.57825695922357
2019-05-22,85.31609539446555
2019-05-23,83.97167344180588
2019-05-24,83.75726334761836
2019-05-27,84.33288056233397
2019-05-28,84.27395113151277
2019-05-29,83.0035240589044
2019-05-30,81.79306794746475
2019-05-31,81.72245883324747
2019-06-03,80.83499632617134
2019-06-04,80.12078590521519
2019-06-05,79.9006484180018
2019-06-06,79.19966852318888
2019-06-07,79.89741272976013
2019-06-10,79.6246404435519
2019-06-11,79.24208182545439
2019-06-12,79.39485400015512
2019-06-13,77.64214232278951
2019-06-14,78.81343552420559
2019-06-17,78.86569435809197
2019-06-18,79.2242703409583
2019-06-19,80.84999119587232
2019-06-20,79.7460831189122
2019-06-21,80.45862605046364
2019-06-24,79.73507012110755
2019-06-25,79.67852692788435
2019-06-26,79.39093025019896
2019-06-27,79.0198168664982
2019-06-28,77.47516326668823
2019-07-01,76.38801181239474
2019-07-02,77.79000519660849
2019-07-03,77.05074037357443
2019-07-04,77.9486276048753
2019-07-05,79.03470188838914
2019-07-08,80.44462835457344
2019-07-09,81.20793450123327
2019-07-10,80.87076792398588
2019-07-11,79.97339088803979
2019-07-12,79.9072927078491
2019-07-15,78.5686463716201
2019-07-16,78.65983033018232
2019-07-17,77.81399264698517
2019-07-18,76.87435043172594
2019-07-19,78.76968101185697
2019-07-22,77.85771280109597
2019-07-23,78.2294159949889
2019-07-24,78.41320360848923
2019-07-25,78.10965053436837
2019-07-26,76.86908469306056
2019-07-29,77.07453498707204
2019-07-30,79.00693237622417
2019-07-31,79.8513142189829
2019-08-01,80.16409320768985
2019-08-02,80.29368282241293
2019-08-05,79.2729027066035
2019-08-06,80.0254334858725
2019-08-07,80.58896227522017
2019-08-08,80.60575878219697
2019-08-09,81.35988647833268
2019-08-12,82.57766502343915
2019-08-13,84.73166927254428
2019-08-14,86.0640736656798
2019-08-15,85.66317713191425
2019-08-16,85.20460331258184
2019-08-19,86.2645353142323
2019-08-20,83.56590591584389
2019-08-21,84.5947544158042
2019-08-22,81.14449067077416
2019-08-23,79.50976406467095
2019-08-26,78.53554919099224
2019-08-27,78.80403223950934
2019-08-28,78.39643346667403
2019-08-29,77.78508746915992
2019-08-30,78.7191370327731
2019-09-02,79.2174694979133
2019-09-03,81.38290315016737
2019-09-04,81.62829830283832
2019-09-05,82.1308890847547
2019-09-06,83.67214115353951
2019-09-09,83.46904358304405
2019-09-10,83.26513016094603
2019-09-11,83.03555122356107
2019-09-12,83.60093988308736
2019-09-13,83.3125572189316
2019-09-16,83.36140463147021
2019-09-17,82.91972999135453
2019-09-18,83.93568624765729
2019-09-19,84.00325087514679
2019-09-20,84.4773892431499
2019-09-23,83.60931615021943
2019-09-24,83.8021776378321
2019-09-25,83.31153036944313
2019-09-26,82.62406695380623
2019-09-27,82.32918594953303
2019-09-30,82.51491890061905
2019-10-01,81.4842989065326
2019-10-02,80.70370513127611
2019-10-03,81.35773903297245
2019-10-04,81.379586247298
2019-10-07,78.7965561928618
2019-10-08,78.34339982818604
2019-10-09,79.10782663812881
2019-10-10,77.90538773539589
2019-10-11,78.52296611495949
2019-10-14,77.94851249399682
2019-10-15,77.64389352728104
2019-10-16,78.33077049280382
2019-10-17,78.3842539905156
2019-10-18,79.16790592912014
2019-10-21,80.00029768266754
2019-10-22,81.30443066396349
2019-10-23,82.1857483406719
2019-10-24,82.73866680803614
2019-10-25,83.80953205966628
2019-10-28,83.68415106043557
2019-10-29,84.68964395184298
2019-10-30,84.61576096892291
2019-10-31,85.2098664687683
2019-11-01,85.10576728242923
2019-11-04,83.73975748476818
2019-11-05,84.32137226561181
2019-11-06,84.56504046839446
2019-11-07,84.82689194617602
2019-11-08,84.3832775126167
2019-11-11,84.73751316426934
2019-11-12,83.7022614811298
2019-11-13,83.42125884599537
2019-11-14,83.30903033178836
2019-11-15,82.27357447228653
2019-11-18,83.99919292503337
2019-11-19,83.75847543793347
2019-11-20,81.65344547047026
2019-11-21,80.75797968455245
2019-11-22,79.56381225783007
2019-11-25,79.45076031132265
2019-11-26,77.78149399790304
2019-11-27,77.76234215692111
2019-11-28,78.67281670531824
2019-11-29,78.95977700002354
2019-12-02,78.94420443278669
2019-12-03,78.85585339392784
2019-12-04,79.65137527529102
2019-12-05,77.03274513299833
2019-12-06,76.90565840569636
2019-12-09,75.56476557287539
2019-12-10,75.71118491472399
2019-12-11,75.74456260748698
2019-12-12,76.23514725348437
2019-12-13,77.28426451409373
2019-12-16,77.31230106831006
2019-12-17,78.25311962026555
2019-12-18,78.99977886064765
2019-12-19,78.14242699165524
2019-12-20,78.56851738781214
2019-12-23,79.55078802435028
2019-12-24,79.19243035926175
2019-12-25,80.1753300967624
2019-12-26,79.4451069229936
2019-12-27,77.46107531067204
2019-12-30,78.74469457984483
2019-12-31,79.56764406176278
2020-01-01,79.79666073525594
2020-01-02,78.38462730038141
2020-01-03,76.56297583561869
2020-01-06,77.1475999014917
2020-01-07,78.11450321765713
2020-01-08,77.69877854132498
2020-01-09,77.62399352865258
2020-01-10,75.96657732982814
2020-01-13,74.91268055801547
2020-01-14,74.57315026636415
2020-01-15,76.9088495748613
2020-01-16,76.66463153200911
2020-01-17,77.89437108960536
2020-01-20,77.40662644751356
2020-01-21,76.8539044336529
2020-01-22,76.62561536009905
2020-01-23,77.91947997051564
2020-01-24,78.6570291614759
2020-01-27,79.5351563550933
2020-01-28,79.04968608650279
2020-01-29,80.76395387454438
2020-01-30,79.29128372632117
2020-01-31,79.39894596159805
2020-02-03,79.07948436800855
2020-02-04,79.9215468037714
2020-02-05,80.39843036880161
2020-02-06,80.23795799676239
2020-02-07,79.9179455554182
2020-02-10,79.35277923030371
2020-02-11,78.50034005952136
2020-02-12,77.3822025998248
2020-02-13,77.11956376862344
2020-02-14,77.74567542192098
2020-02-17,79.34792938284173
2020-02-18,81.2931018234726
2020-02-19,81.4080699996181
2020-02-20,83.15012610763804
2020-02-21,83.63916449753803
2020-02-24,83.97061578496115
2020-02-25,83.85771329415495
2020-02-26,83.96131550878428
2020-02-27,84.37774428339029
2020-02-28,83.91199468384293
2020-03-02,81.99058507722178
2020-03-03,80.86969215234313
2020-03-04,81.4239454006962
2020-03-05,81.52034057246502
2020-03-06,80.39380271423428
2020-03-09,80.42051778642204
2020-03-10,81.47193660296755
2020-03-11,81.77049755330326
2020-03-12,80.61576421805913
2020-03-13,81.8138102976786
2020-03-16,84.12437995956046
2020-03-17,85.3042245939876
2020-03-18,87.07294572465062
2020-03-19,87.70727208544312
2020-03-20,87.75812050643805
2020-03-23,88.57364576326472
2020-03-24,88.77558422658402
2020-03-25,89.07428441323827
2020-03-26,88.56135410627988
2020-03-27,89.48616183325905
2020-03-30,89.20326227394303
2020-03-31,87.81148441467374
2020-04-01,90.25259149133613
2020-04-02,91.02777019653121
2020-04-03,92.92663843134932
2020-04-06,92.70138589639897
2020-04-07,91.60232770173334
2020-04-08,90.63259373971624
2020-04-09,90.79451957882466
2020-04-10,90.5291179135539
2020-04-13,93.0228418684923
2020-04-14,92.62442540999649
2020-04-15,93.30805333562219
2020-04-16,91.83117724683497
2020-04-17,92.19584181908883
2020-04-20,93.74770554421636
2020-04-21,93.74266024463485
2020-04-22,91.82764191623328
2020-04-23,92.29150690698125
2020-04-24,92.44478901556063
2020-04-27,94.28890200178861
2020-04-28,95.30170550771211
2020-04-29,95.41821462496951
2020-04-30,93.23624639034203
2020-05-01,93.82857364885268
2020-05-04,94.29631413501883
2020-05-05,93.59853377463466
2020-05-06,94.64537376291277
2020-05-07,95.84844813934556
2020-05-08,96.7196457257821
2020-05-11,96.58196949165067
2020-05-12,96.72617300515324
2020-05-13,97.32490068864284
2020-05-14,97.24958340056176
2020-05-15,98.01244301603286
2020-05-18,96.57465998467526
2020-05-19,93.80590259211537
2020-05-20,94.04797124551851
2020-05-21,94.14216170959344
2020-05-22,95.61096800472687
2020-05-25,96.88270033170147
2020-05-26,97.40613545215345
2020-05-27,99.47440662787317
2020-05-28,101.58225420048826
2020-05-29,102.98221653077826
2020-06-01,106.0114967159029
2020-06-02,105.93172193358468
2020-06-03,106.20310105240351
2020-06-04,107.06719093268705
2020-06-05,106.82725349383531
2020-06-08,106.9788377603722
2020-06-09,107.19302868916581
2020-06-10,104.33425358715064
2020-06-11,103.47983022399399
2020-06-12,101.86240683740864
2020-06-15,101.34812583813536
2020-06-16,101.31331179604558
2020-06-17,98.82367615886142
2020-06-18,98.33007330909028
2020-06-19,98.49909135389461
2020-06-22,101.39324535035813
2020-06-23,104.23519107927055
2020-06-24,104.35677426140589
2020-06-25,102.16170107646533
2020-06-26,100.35117850047672
2020-06-29,97.035549688596
2020-06-30,97.09111888446787
2020-07-01,96.66633176096852
2020-07-02,97.36447914637515
2020-07-03,95.71185154294508
2020-07-06,95.02158223799024
2020-07-07,94.33461101320029
2020-07-08,94.54157459746459
2020-07-09,93.3890194044645
2020-07-10,91.27397249768006
2020-07-13,92.73770228030874
2020-07-14,93.03758025852053
2020-07-15,93.7821951605577
2020-07-16,93.91429825625036
2020-07-17,91.89500032456854
2020-07-20,91.68196305564422
2020-07-21,92.2076894297125
2020-07-22,93.40350480918474
2020-07-23,92.27448667554586
2020-07-24,93.96614114028465
2020-07-27,93.08794407233934
2020-07-28,93.5772595249559
2020-07-29,93.66058118954848
2020-07-30,94.33305665220058
2020-07-31,97.3883354754599
2020-08-03,96.67433373434335
2020-08-04,95.55818614512012
2020-08-05,99.16385034355845
2020-08-06,99.23418281845507
2020-08-07,96.99108873439545
2020-08-10,96.79936981111422
2020-08-11,96.81039733219932
2020-08-12,96.95018853079708
2020-08-13,97.08636861635331
2020-08-14,95.6110392045701
2020-08-17,94.01381823865157
2020-08-18,92.85907286856711
2020-08-19,94.43490317913474
2020-08-20,94.647311825547
2020-08-21,95.6345333306909
2020-08-24,95.48003647559665
2020-08-25,95.25678060563799
2020-08-26,93.32556162993596
2020-08-27,90.19079754252587
2020-08-28,88.35326471877815
2020-08-31,86.95198598996065
2020-09-01,85.29992550587686
2020-09-02,83.83684597845631
2020-09-03,84.47126431260648
2020-09-04,84.60288899038214
2020-09-07,86.57457547474078
2020-09-08,87.62628794426354
2020-09-09,89.45922880308544
2020-09-10,89.48819968639063
2020-09-11,91.09219885942358
2020-09-14,92.55476006701315
2020-09-15,92.93873950208886
2020-09-16,92.73359468431464
2020-09-17,93.77038441996507
2020-09-18,94.76107631149922
2020-09-21,94.29484793533807
2020-09-22,92.59189499285552
2020-09-23,93.29224775921064
2020-09-24,93.53766333546987
2020-09-25,94.55764780765107
2020-09-28,93.6438818860871
2020-09-29,94.2607820818221
2020-09-30,93.07985475355748
2020-10-01,94.61654651044361
2020-10-02,97.67355009389786
2020-10-05,96.73915227583107
2020-10-06,98.32225963001727
2020-10-07,98.699360026699
2020-10-08,100.24025212154945
2020-10-09,100.87085728835413
2020-10-12,100.52905208105473
2020-10-13,99.1764348369165
2020-10-14,98.55856095094363
2020-10-15,97.41187324860734
2020-10-16,98.58087448392004
2020-10-19,101.76663137015358
2020-10-20,101.77036204463757
2020-10-21,103.15232194108754
2020-10-22,102.86584760365618
2020-10-23,102.05546929905724
2020-10-26,102.46086991485674
2020-10-27,102.56780015003332
2020-10-28,102.83352562691792
2020-10-29,103.64508756314459
2020-10-30,105.648424957802
2020-11-02,105.40108573799367
2020-11-03,106.80771976409589
2020-11-04,105.51395540552501
2020-11-05,104.56407809714847
2020-11-06,106.19223883396073
2020-11-09,103.59413282057633
2020-11-10,103.62035274448579
2020-11-11,104.98205172872535
2020-11-12,105.47145594239002
2020-11-13,107.72574611544735
2020-11-16,111.3124145169387
2020-11-17,110.34306513383441
2020-11-18,109.85097436955297
2020-11-19,110.54720716450603
2020-11-20,111.70440864047653
2020-11-23,112.1541277794382
2020-11-24,113.8817901540167
2020-11-25,115.06304702963936
2020-11-26,115.52178638640291
2020-11-27,117.00292695165771
2020-11-30,114.65364697287268
2020-12-01,112.41572935064463
2020-12-02,115.02236826675394
2020-12-03,113.59148582619405
2020-12-04,112.81429816450745
2020-12-07,110.52842543876
2020-12-08,109.63583610552719
2020-12-09,112.01948960768023
2020-12-10,114.6008414493565
2020-12-11,115.60561670119758
2020-12-14,114.69401406348436
2020-12-15,114.17568819778049
2020-12-16,113.16644681155485
2020-12-17,111.308286176667
2020-12-18,113.39055818599411
2020-12-21,110.71422591660219
2020-12-22,108.8215848948402
2020-12-23,107.97829277075607
2020-12-24,106.63896815175869
2020-12-25,107.3498980620459
2020-12-28,105.52332778860719
2020-12-29,105.93794697461188
2020-12-30,108.25855393498705
2020-12-31,108.83244440945222
2021-01-01,106.32993268047491
2021-01-04,106.02429229249728
2021-01-05,106.50944194798998
2021-01-06,105.68182276580671
2021-01-07,104.6268874659982
2021-01-08,102.90632027835875
2021-01-11,103.14082915275928
2021-01-12,102.15164287087126
2021-01-13,102.46761079804654
2021-01-14,102.44788862349154
2021-01-15,105.3733353090134
2021-01-18,104.28222147691531
2021-01-19,104.88621737579078
2021-01-20,103.79271368850047
2021-01-21,104.09903784327085
2021-01-22,103.25801989584882
2021-01-25,102.45235894200235
2021-01-26,101.4766863609172
2021-01-27,99.02410187520832
2021-01-28,99.79561903299414
2021-01-29,100.66393338016258
2021-02-01,100.80566740043606
2021-02-02,99.78786867032076
2021-02-03,98.92018169324355
2021-02-04,99.84429326195679
2021-02-05,96.30745221715304
2021-02-08,95.04508883257942
2021-02-09,95.60009915150101
2021-02-10,96.14008688255224
2021-02-11,98.1383264910556
2021-02-12,99.1293902757393
2021-02-15,98.47811603103581
2021-02-16,99.3798450428892
2021-02-17,102.27150408705833
2021-02-18,100.81764389438516
2021-02-19,101.4336069443023
2021-02-22,102.25728365780796
2021-02-23,101.30465308679533
2021-02-24,101.21612334236146
2021-02-25,98.63233286879156
2021-02-26,99.83575030653807
2021-03-01,99.5652323166439
2021-03-02,98.98283141957418
2021-03-03,100.80847941819442
2021-03-04,101.06094974447987
2021-03-05,98.8574582974961
2021-03-08,99.35067870822436
2021-03-09,97.67597532049611
2021-03-10,96.71027161212675
2021-03-11,98.53562785854683
2021-03-12,99.66997814636593
2021-03-15,98.9108981984693
2021-03-16,97.01648641868252
2021-03-17,94.59112897262332
2021-03-18,94.16653588154475
2021-03-19,93.6562071396128
2021-03-22,93.94735119032985
2021-03-23,92.13808695686245
2021-03-24,93.1225052478466
2021-03-25,93.45512370516967
2021-03-26,94.05930350999958
2021-03-29,93.69892437299126
2021-03-30,93.94915244141022
2021-03-31,94.6156732540262
2021-04-01,95.23027994883545
2021-04-02,93.96643347334033
2021-04-05,93.09763064797474
2021-04-06,93.54216601616474
2021-04-07,92.90008074799583
2021-04-08,93.88595015834012
2021-04-09,95.05135677881272
2021-04-12,95.63421826400798
2021-04-13,96.77137305751009
2021-04-14,96.66399740352378
2021-04-15,97.66975469595084
2021-04-16,99.55549006855281
2021-04-19,97.09600950157332
2021-04-20,95.62964190629495
2021-04-21,95.9620763813373
2021-04-22,95.13293028257144
2021-04-23,94.46579496813597
2021-04-26,95.23165450473206
2021-04-27,94.38927616223016
2021-04-28,94.61432786026441
2021-04-29,95.55036353780739
2021-04-30,94.37431092592142
2021-05-03,95.23465526188468
2021-05-04,95.42463909685435
2021-05-05,96.22081323822925
2021-05-06,94.183701825879
2021-05-07,94.8786826142971
2021-05-10,95.86822922565382
2021-05-11,95.14961479979635
2021-05-12,95.26795763526543
2021-05-13,94.08196850432182
2021-05-14,96.25231216370625
2021-05-17,95.37486524070724
2021-05-18,94.55031612176847
2021-05-19,94.35551771830407
2021-05-20,93.62291671441452
2021-05-21,93.18175618589324
2021-05-24,92.4606356409809
2021-05-25,92.62477942308536
2021-05-26,93.41548304902668
2021-05-27,94.89032792723029
2021-05-28,94.32859194827233
2021-05-31,95.78453832576585
2021-06-01,93.99643377365527
2021-06-02,95.65011850677395
2021-06-03,98.0758778363863
2021-06-04,98.54764797672715
2021-06-07,100.600202365
2021-06-08,101.42000591871184
2021-06-09,102.61640221564373
2021-06-10,104.07287262785857
2021-06-11,104.010325705161
2021-06-14,103.01077530122
2021-06-15,102.85067168572054
2021-06-16,103.364843856939
2021-06-17,102.34233845286889
2021-06-18,101.8809126517581
2021-06-21,103.44511893982192
2021-06-22,105.39454429862292
2021-06-23,104.88002951682736
2021-06-24,106.9450653328565
2021-06-25,107.64062248834355
2021-06-28,106.0110583996324
2021-06-29,104.167988797194
2021-06-30,100.95393453075951
2021-07-01,100.87407161611914
2021-07-02,101.19141766460669
2021-07-05,100.76669926407577
2021-07-06,98.45226598748705
2021-07-07,96.37184231102451
2021-07-08,96.05413970169502
2021-07-09,96.0070695839153
2021-07-12,96.58058836596936
2021-07-13,94.86795615079488
2021-07-14,97.01169281677991
2021-07-15,98.00200747716109
2021-07-16,97.56335031753864
2021-07-19,98.73345623990585
2021-07-20,102.18903746013889
2021-07-21,99.78190649190122
2021-07-22,98.77058495737856
2021-07-23,99.50834016550752
2021-07-26,100.98672482306645
2021-07-27,101.46383432939474
2021-07-28,101.51494676939672
2021-07-29,102.46916143590218
2021-07-30,103.65237970976902
2021-08-02,105.07033749788232
2021-08-03,103.69000385223121
2021-08-04,105.53026872083842
2021-08-05,105.6154488840532
2021-08-06,106.57380731857356
2021-08-09,106.73701623373515
2021-08-10,107.12797212548644
2021-08-11,107.48876692190785
2021-08-12,108.00128686940897
2021-08-13,108.60359994049232
2021-08-16,107.03116806589085
2021-08-17,105.50231971496473
2021-08-18,103.65279542863095
2021-08-19,101.85108605933911
2021-08-20,101.09887898916831
2021-08-23,99.94732462610398
2021-08-24,99.21089462318584
2021-08-25,98.6327402373187
2021-08-26,97.54869335372777
2021-08-27,97.93938854438225
2021-08-30,99.49358289615563
2021-08-31,98.04638714961148
2021-09-01,97.83886153796357
2021-09-02,100.7597849744241
2021-09-03,101.99624662837189
2021-09-06,102.50592159592861
2021-09-07,103.35475255976726
2021-09-08,104.27601552268575
2021-09-09,106.07362276711937
2021-09-10,105.7575818894165
2021-09-13,107.63325048836995
2021-09-14,106.39321414599928
2021-09-15,106.14092177744837
2021-09-16,105.58636339253069
2021-09-17,104.23275699897826
2021-09-20,103.61666232750413
2021-09-21,103.07223817194115
2021-09-22,101.88040238119572
2021-09-23,102.10701795182408
2021-09-24,101.98248193656467
2021-09-27,101.55423622377536
2021-09-28,98.4312413889524
2021-09-29,98.86687893469113
2021-09-30,98.49385696338271
2021-10-01,97.65334043883777
2021-10-04,97.66489390108535
2021-10-05,97.4834806463256
2021-10-06,99.52517942075367
2021-10-07,99.22919139569814
2021-10-08,100.51102368052662
2021-10-11,99.08416624569689
2021-10-12,98.69821112036239
2021-10-13,101.41510907074279
2021-10-14,101.25818602452965
2021-10-15,101.3628894820901
2021-10-18,101.44011209839974
2021-10-19,100.47983606351038
2021-10-20,98.97107412625498
2021-10-21,98.27935663446438
2021-10-22,98.68350249417747
2021-10-25,98.88760104222509
2021-10-26,101.56042137823536
2021-10-27,103.9502058269035
2021-10-28,103.70537891881432
2021-10-29,103.67398965812609
2021-11-01,100.99184816084754
2021-11-02,100.60753868479064
2021-11-03,100.21750188806055
2021-11-04,99.61704278464023
2021-11-05,100.06260588895088
2021-11-08,101.2513672240601
2021-11-09,100.9532333007504
2021-11-10,97.11614085006445
2021-11-11,97.49284964679273
2021-11-12,96.81910323603195
2021-11-15,96.54705489393494
2021-11-16,96.99120525105224
2021-11-17,96.38417112773233
2021-11-18,99.61296475862001
2021-11-19,99.19023621023004
2021-11-22,100.33612103810289
2021-11-23,98.67635951342976
2021-11-24,97.37533569800136
2021-11-25,98.63157793554333
2021-11-26,96.87434851512147
2021-11-29,97.9143258476533
2021-11-30,98.48701120209988
2021-12-01,98.71904181220901
2021-12-02,98.40490951499162
2021-12-03,96.27577054876097
2021-12-06,94.20049893316155
2021-12-07,93.98081819598988
2021-12-08,94.31774397435626
2021-12-09,94.52149036701931
2021-12-10,91.70579884694303
2021-12-13,90.19874609714162
2021-12-14,89.08077762042919
2021-12-15,89.68981450396379
2021-12-16,88.98114164693786
2021-12-17,87.35901492391297
2021-12-20,86.97508204206561
2021-12-21,88.63542144362238
2021-12-22,88.13794158578773
2021-12-23,87.75564502608735
2021-12-24,87.8703404637324
2021-12-27,87.56162914823203
2021-12-28,86.03221437642549
2021-12-29,85.66897690463352
2021-12-30,84.990352232629
2021-12-31,85.16241714601713
2022-01-03,83.3787201860355
2022-01-04,82.65514104498149
2022-01-05,82.75707419594673
2022-01-06,81.46607024458314
2022-01-07,81.59643749382414
2022-01-10,82.0281117170691
2022-01-11,81.50408798789313
2022-01-12,81.17237878880303
2022-01-13,79.16569860512388
2022-01-14,78.11899623488699
2022-01-17,79.13817461451234
2022-01-18,79.55904592413569
2022-01-19,77.97340658581977
2022-01-20,77.27285836399297
2022-01-21,77.9096357186943
2022-01-24,78.59035971376295
2022-01-25,78.91692527902893
2022-01-26,78.53654856827657
2022-01-27,79.23072696265218
2022-01-28,78.25247778748687
2022-01-31,76.94786575665586
2022-02-01,78.015995749579
2022-02-02,75.65309908842659
2022-02-03,75.25304456011588
2022-02-04,73.4452005109406
2022-02-07,72.2986081143036
2022-02-08,73.19732632805457
2022-02-09,72.54852322912863
2022-02-10,73.92267589936088
2022-02-11,73.2062395817653
2022-02-14,73.20019549080295
2022-02-15,74.07258037183658
2022-02-16,75.06121412821342
2022-02-17,74.12311886408347
2022-02-18,73.86951487508567
2022-02-21,74.6246336595193
2022-02-22,75.3359021766198
2022-02-23,74.9246073187501
2022-02-24,74.82051366180185
2022-02-25,76.56415026525352
2022-02-28,77.05839501791623
2022-03-01,76.70534774643082
2022-03-02,75.8533479999732
2022-03-03,76.27871727450108
2022-03-04,76.55466163427324
2022-03-07,74.87392161029878
2022-03-08,73.71835058003523
2022-03-09,73.18002930221259
2022-03-10,73.03462993804341
2022-03-11,73.26176823865129
2022-03-14,75.60809822894909
2022-03-15,74.17023562301418
2022-03-16,75.16162504114435
2022-03-17,74.7617627868581
2022-03-18,75.45029407854915
2022-03-21,75.78924109969348
2022-03-22,74.96962832419815
2022-03-23,76.11061604854709
2022-03-24,76.34263862101274
2022-03-25,78.00727567605239
2022-03-28,75.04249796473216
2022-03-29,76.10032488489466
2022-03-30,76.96057506872077
2022-03-31,78.07792511622256
2022-04-01,78.17731683198515
2022-04-04,78.30619710111492
2022-04-05,77.99635505175766
2022-04-06,78.47877361633199
2022-04-07,78.28735454710454
2022-04-08,78.60179234330047
2022-04-11,77.64546185950284
2022-04-12,78.35895538565215
2022-04-13,78.56237686371837
2022-04-14,79.24005158278793
2022-04-15,79.05656009730956
2022-04-18,79.90867709862154
2022-04-19,79.66557359842027
2022-04-20,79.99833291848668
2022-04-21,78.45969239206657
2022-04-22,78.7325675872518
2022-04-25,78.77980638668117
2022-04-26,79.90258864615664
2022-04-27,81.13422882046552
2022-04-28,79.15975055562885
2022-04-29,79.7591187035719
2022-05-02,81.90132504344676
2022-05-03,82.95602903013562
2022-05-04,83.2155179519914
2022-05-05,83.01783103934063
2022-05-06,82.04170322377917
2022-05-09,82.5095169118947
2022-05-10,81.46585006708861
2022-05-11,82.31254768572092
2022-05-12,83.17020751889677
2022-05-13,85.69932935903219
2022-05-16,85.61125648068366
2022-05-17,84.78073561965945
2022-05-18,86.91803817305878
2022-05-19,89.7487637676927
2022-05-20,89.42198654046356
2022-05-23,90.73738083727142
2022-05-24,89.76607654920538
2022-05-25,90.47443982603824
2022-05-26,89.74548061737241
2022-05-27,90.58539007975786
2022-05-30,90.69806818653436
2022-05-31,90.5706097726344
2022-06-01,92.15810147199889
2022-06-02,93.48586999957045
2022-06-03,91.52481339611928
2022-06-06,92.00243777152427
2022-06-07,93.01708376357348
2022-06-08,91.64170191007969
2022-06-09,91.48822721889624
2022-06-10,92.1759816495909
2022-06-13,90.60312592180684
2022-06-14,90.6726337224364
2022-06-15,92.14134031059187
2022-06-16,91.84062181010032
2022-06-17,92.70677348311173
2022-06-20,94.01914436552991
2022-06-21,94.81255467215878
2022-06-22,95.9675220780185
2022-06-23,98.44440387724794
2022-06-24,97.6147429091885
2022-06-27,95.04065534728771
2022-06-28,95.21706379525958
2022-06-29,94.95739819925097
2022-06-30,94.56095676477408
2022-07-01,93.7729817761199
2022-07-04,93.41310190855634
2022-07-05,94.34234894190578
2022-07-06,92.77062627262151
2022-07-07,91.83298347046733
2022-07-08,89.89522229412994
2022-07-11,88.97028296505599
2022-07-12,87.16523282840153
2022-07-13,84.20150178335058
2022-07-14,84.92911333689071
2022-07-15,86.6232332297258
2022-07-18,85.4451171381176
2022-07-19,86.05332511641384
2022-07-20,86.45214209639065
2022-07-21,86.9602404861886
2022-07-22,86.69848055916394
2022-07-25,84.30553111662866
2022-07-26,84.6747166518968
2022-07-27,87.06650603872932
2022-07-28,85.31481189222734
2022-07-29,85.38219727424044
2022-08-01,85.64387149692182
2022-08-02,84.34645535150293
2022-08-03,83.40248385512942
2022-08-04,81.68216337040819
2022-08-05,83.43581374255795
2022-08-08,81.72143414668324
2022-08-09,80.99651934752474
2022-08-10,83.27290591432569
2022-08-11,83.75434695420373
2022-08-12,84.06111834387717
2022-08-15,81.87631707006884
2022-08-16,81.57262429070553
2022-08-17,81.57085262101981
2022-08-18,81.99578329984107
2022-08-19,80.64010860206125
2022-08-22,80.17645780533006
2022-08-23,79.32138301968088
2022-08-24,78.02612577873298
2022-08-25,78.75245268412552
2022-08-26,79.1541932232828
2022-08-29,77.15893685243643
2022-08-30,76.3682355245276
2022-08-31,74.25248399160492
2022-09-01,72.98696445079072
2022-09-02,72.95676145019783
2022-09-05,73.15579923866872
2022-09-06,74.39462611541009
2022-09-07,73.58389265847366
2022-09-08,73.30483166635238
2022-09-09,72.67210537046712
2022-09-12,71.4963168597917
2022-09-13,72.09740231066581
2022-09-14,71.24330317035984
2022-09-15,71.75636083023478
2022-09-16,70.92214842494518
2022-09-19,71.04905044879894
2022-09-20,71.10289750506344
2022-09-21,68.95474205213674
2022-09-22,69.74909689747676
2022-09-23,69.13140980696662
2022-09-26,70.10374551698081
2022-09-27,71.89835537086185
2022-09-28,70.6190614132109
2022-09-29,71.20140713428415
2022-09-30,71.13611514058283
2022-10-03,70.05615307200512
2022-10-04,68.99417387287723
2022-10-05,68.27174500332082
2022-10-06,66.37695563734314
2022-10-07,66.15499240882473
2022-10-10,65.99733413687802
2022-10-11,65.81465298245776
2022-10-12,65.30229813619368
2022-10-13,66.81044539660726
2022-10-14,67.90777416481363
2022-10-17,67.4029368335836
2022-10-18,66.15452839520643
2022-10-19,66.47865426924561
2022-10-20,67.05446987590338
2022-10-21,67.19482275296681
2022-10-24,65.92305493655905
2022-10-25,66.45313480576856
2022-10-26,66.02088808320558
2022-10-27,67.34561811156001
2022-10-28,67.89089989406921
2022-10-31,68.00986873550292
2022-11-01,66.28116421446732
2022-11-02,66.39114568103504
2022-11-03,66.57279866972483
2022-11-04,67.47187548121425
2022-11-07,67.82671085232202
2022-11-08,66.47289856211566
2022-11-09,66.77710242903778
2022-11-10,68.05790645580211
2022-11-11,66.27447115885039
2022-11-14,66.18001954242166
2022-11-15,66.56352104963673
2022-11-16,67.29707131679956
2022-11-17,64.92894709615675
2022-11-18,64.08743873241977
2022-11-21,63.031695872055856
2022-11-22,62.46211608377838
2022-11-23,61.533758262498075
2022-11-24,61.262865344969086
2022-11-25,60.65877243158475
2022-11-28,60.60210569847883
2022-11-29,59.72209095243308
2022-11-30,59.95992934865633
2022-12-01,60.196708028799705
2022-12-02,59.21434881563789
2022-12-05,59.11040176524642
2022-12-06,57.96562637790244
2022-12-07,57.72990225229885
2022-12-08,58.06885532469323
2022-12-09,57.30856898618681
2022-12-12,56.354757910786006
2022-12-13,56.32504607307917
2022-12-14,56.82586694729018
2022-12-15,56.688424950585386
2022-12-16,55.84919309239028
2022-12-19,56.686970849452976
2022-12-20,57.50280721059895
2022-12-21,57.354799869713794
2022-12-22,57.95417860093869
2022-12-23,57.13903465123813
2022-12-26,57.51639045401406
2022-12-27,58.18143951723533
2022-12-28,59.440993974600715
2022-12-29,59.06463598916704
2022-12-30,59.48870351528835
2023-01-02,60.43885266402496
2023-01-03,61.97078863817605
2023-01-04,61.67999065151281
2023-01-05,62.138074917382276
2023-01-06,62.59394286421362
2023-01-09,62.7054909478144
2023-01-10,61.67261934328259
2023-01-11,62.84362271249879
2023-01-12,62.24606652842469
2023-01-13,62.689389623839325
2023-01-16,62.14586273525619
2023-01-17,62.15131406105165
2023-01-18,62.71580866307195
2023-01-19,62.45656103527661
2023-01-20,62.180939844279216
2023-01-23,62.16816874484216
2023-01-24,62.73851245043155
2023-01-25,62.62583841538882
2023-01-26,61.31419310829922
2023-01-27,59.11593650099151
2023-01-30,59.637115851951364
2023-01-31,59.00786357077449
2023-02-01,58.74468496143489
2023-02-02,59.43329582109699
2023-02-03,58.408840563314115
2023-02-06,58.38687963265253
2023-02-07,57.846591612508654
2023-02-08,57.95830626067858
2023-02-09,59.024672904493215
2023-02-10,57.82735590631408
2023-02-13,57.57277798112981
2023-02-14,57.353622933216855
2023-02-15,58.30425294023432
2023-02-16,57.38869744592125
2023-02-17,57.694290021667484
2023-02-20,56.3592362531924
2023-02-21,57.06810406379219
2023-02-22,58.124773935441375
2023-02-23,58.40827127357293
2023-02-24,58.40996887428363
2023-02-27,57.661785833693
2023-02-28,57.98816947104824
2023-03-01,58.078243476612144
2023-03-02,57.88773893644469
2023-03-03,58.95540383279896
2023-03-06,59.07255468324276
2023-03-07,58.67932025390386
2023-03-08,58.35380106539096
2023-03-09,57.96147419947728
2023-03-10,57.23371696232742
2023-03-13,58.437488772230346
2023-03-14,59.10133013737256
2023-03-15,60.56684802972167
2023-03-16,60.67984103185423
2023-03-17,60.325123601938365
2023-03-20,61.1274635740578
2023-03-21,60.83655719225336
2023-03-22,61.142881842002296
2023-03-23,59.6580659488305
2023-03-24,59.86372478798639
2023-03-27,60.11314215202729
2023-03-28,59.225804036866556
2023-03-29,57.79495243298037
2023-03-30,58.30231410042692
2023-03-31,59.22541805400631
2023-04-03,58.3570341301078
2023-04-04,57.87069079475229
2023-04-05,56.991484676945106
2023-04-06,56.67019758762277
2023-04-07,55.69092756953258
2023-04-10,55.084159306328196
2023-04-11,56.07735868786121
2023-04-12,55.606973030826126
2023-04-13,55.277348020325135
2023-04-14,55.220185632759545
2023-04-17,56.11816481441449
2023-04-18,55.544058132435204
2023-04-19,55.51325381203626
2023-04-20,55.292738484919695
2023-04-21,53.884031744790015
2023-04-24,53.12879844298571
2023-04-25,53.95968446306297
2023-04-26,52.93465749105138
2023-04-27,53.501783691342
2023-04-28,53.755720965694294
2023-05-01,53.96468213312826
2023-05-02,54.26903080300728
2023-05-03,53.091899978816414
2023-05-04,53.3835282243226
2023-05-05,51.58943091293836
2023-05-08,50.50235823203788
2023-05-09,50.840938995885075
2023-05-10,50.60214763737076
2023-05-11,49.88972984851386
2023-05-12,50.012880949985004
2023-05-15,50.76424524867523
2023-05-16,49.273975214517904
2023-05-17,48.59553121626654
2023-05-18,48.40579555576234
2023-05-19,47.606016991709666
2023-05-22,47.182875465874105
2023-05-23,46.54001256940772
2023-05-24,47.03254854875918
2023-05-25,48.052326579264545
2023-05-26,47.24261957984386
2023-05-29,47.713220529795834
2023-05-30,47.726491632435554
2023-05-31,48.48446382863149
2023-06-01,47.915161236421184
2023-06-02,48.072632234895295
2023-06-05,47.91050198593839
2023-06-06,47.53483272742172
2023-06-07,46.659588308423295
2023-06-08,45.817627226015084
2023-06-09,45.371070747079195
2023-06-12,45.14492319349738
2023-06-13,43.93400203167227
2023-06-14,42.31445170191315
2023-06-15,41.827604362838954
2023-06-16,40.82647140307638
2023-06-19,40.34065126750713
2023-06-20,40.20560423645144
2023-06-21,40.01621736934358
2023-06-22,40.53498401925928
2023-06-23,40.42286595211034
2023-06-26,40.379275824177746
2023-06-27,39.74497757636229
2023-06-28,39.820747773742845
2023-06-29,40.1428165710239
2023-06-30,40.014047656314816
2023-07-03,41.035173889055976
2023-07-04,40.443729852287206
2023-07-05,40.80933330986472
2023-07-06,40.5049492632324
2023-07-07,40.939531572499256
2023-07-10,40.82389647370697
2023-07-11,40.06250594357514
2023-07-12,39.591320506282194
2023-07-13,38.78414451652468
2023-07-14,38.47605953688468
2023-07-17,38.86293432595556
2023-07-18,39.36910996751849
2023-07-19,39.248635527553084
2023-07-20,39.75056910835397
2023-07-21,39.93348085743294
2023-07-24,40.3398339036792
2023-07-25,40.33431700894106
2023-07-26,41.16154842030829
2023-07-27,40.69128074025629
2023-07-28,41.27658312993874
2023-07-31,40.62722881258124
2023-08-01,40.74428342628498
2023-08-02,41.64924930099834
2023-08-03,41.376950018835885
2023-08-04,41.7937090247502
2023-08-07,40.839459487275896
2023-08-08,41.42575706414709
2023-08-09,41.28415292137561
2023-08-10,40.66463631683849
2023-08-11,40.48407761995852
2023-08-14,41.340176676150094
2023-08-15,41.05206134881643
2023-08-16,40.48151440306265
2023-08-17,40.19381000312936
2023-08-18,40.03511044410055
2023-08-21,39.7566296744566
2023-08-22,39.711269150566636
2023-08-23,40.05349335043171
2023-08-24,40.16985605976942
2023-08-25,40.02654869340272
2023-08-28,40.28509238238287
2023-08-29,40.263090592596065
2023-08-30,39.14182396118912
2023-08-31,39.9249381764251
2023-09-01,39.57733807264563
2023-09-04,39.86140693421687
2023-09-05,40.30209611915846
2023-09-06,40.60876877636341
2023-09-07,39.90513237012105
2023-09-08,39.81261504117945
2023-09-11,39.79741830181672
2023-09-12,39.24827838584995
2023-09-13,40.054310441064736
2023-09-14,40.35803056666852
2023-09-15,39.66322359540418
2023-09-18,40.19062299635168
2023-09-19,41.017633899236834
2023-09-20,41.08129805297442
2023-09-21,41.60656978822188
2023-09-22,42.0632831235653
2023-09-25,41.53131223657575
2023-09-26,40.588555160734856
2023-09-27,40.55777215463747
2023-09-28,40.96828544943475
2023-09-29,40.79934983997747
2023-10-02,40.181685295313095
2023-10-03,40.42654891409588
2023-10-04,40.42148249911551
2023-10-05,39.74988475900689
2023-10-06,39.42682333190705
2023-10-09,39.41345286359694
2023-10-10,38.09185673709315
2023-10-11,38.257306987211386
2023-10-12,38.426796618662976
2023-10-13,39.14447293773196
2023-10-16,39.05033686890373
2023-10-17,38.932979648938534
2023-10-18,38.88581573942732
2023-10-19,38.59117875479103
2023-10-20,39.28167164788896
2023-10-23,39.46255412562929
2023-10-24,39.72481222915093
2023-10-25,39.250625455815864
2023-10-26,39.6299412312754
2023-10-27,40.04060258049694
2023-10-30,39.87561005722336
2023-10-31,39.92693169983126
2023-11-01,39.848955554461426
2023-11-02,38.35593537080286
2023-11-03,37.79741065322102
2023-11-06,37.93382318980959
2023-11-07,38.50005740343321
2023-11-08,38.37233104726822
2023-11-09,37.76533978975475
2023-11-10,37.89428600541351
2023-11-13,37.04186913967675
2023-11-14,37.85100872308307
2023-11-15,38.913314106100565
2023-11-16,38.94460153627168
2023-11-17,39.48275961910887
2023-11-20,39.397797791178775
2023-11-21,39.11858888698033
2023-11-22,38.8349547553295
2023-11-23,38.436826059663616
2023-11-24,37.602725223228205
2023-11-27,37.70913101845764
2023-11-28,37.98317956654365
2023-11-29,37.83814354129253
2023-11-30,37.99468270874165
2023-12-01,38.088281271783735
2023-12-04,38.01732557154612
2023-12-05,37.99282458639187
2023-12-06,38.05817241482581
2023-12-07,37.563254761032326
2023-12-08,37.34677188831392
2023-12-11,36.91022688261812
2023-12-12,36.401841417490736
2023-12-13,36.251295756382696
2023-12-14,36.38087015475893
2023-12-15,35.67550546760533
2023-12-18,35.50745600704425
2023-12-19,35.92429124549523
2023-12-20,34.62128099469911
2023-12-21,33.93664533903063
2023-12-22,33.78757493394348
2023-12-25,33.750857415711735
2023-12-26,33.148168866777205
2023-12-27,33.043486709493315
2023-12-28,33.388601765455356
2023-12-29,33.554556835558486
2024-01-01,33.53703505042567
2024-01-02,33.456591989575976
2024-01-03,33.33573474454809
2024-01-04,34.087393736805346
2024-01-05,34.142093071332745
2024-01-08,34.06761801392501
2024-01-09,34.222804629727165
2024-01-10,34.42628518028196
2024-01-11,34.499465609359014
2024-01-12,34.76972806377774
2024-01-15,34.53598205500266
2024-01-16,34.272212569440214
2024-01-17,33.62350187155502
2024-01-18,34.07285301853663
2024-01-19,34.824790099820305
2024-01-22,33.87119295275206
2024-01-23,33.45887299883613
2024-01-24,33.83367789045884
2024-01-25,33.65036683483204
2024-01-26,33.09860664843529
2024-01-29,33.93908470624974
2024-01-30,33.877114946761644
2024-01-31,33.38002167408459
2024-02-01,33.41105864455186
2024-02-02,33.41198840734438
2024-02-05,33.23894371763828
2024-02-06,33.676817480435716
2024-02-07,33.77502011837787
2024-02-08,34.17981956143473
2024-02-09,34.32458223780511
2024-02-12,34.874460149214755
2024-02-13,34.97654615823234
2024-02-14,34.93093616137179
2024-02-15,34.92070609333684
2024-02-16,35.86185310431817
2024-02-19,36.0402714761452
2024-02-20,35.624243869495906
2024-02-21,36.03090007290108
2024-02-22,36.70483895464106
2024-02-23,36.47575572714363
2024-02-26,36.955556250413515
2024-02-27,36.622762416150366
2024-02-28,36.504193947176546
2024-02-29,36.840118654817225
2024-03-01,37.34445004531172
2024-03-04,37.77909809407835
2024-03-05,37.908935477527905
2024-03-06,38.318403786306774
2024-03-07,38.1532689133288
2024-03-08,37.95990201648619
2024-03-11,37.87853262510752
2024-03-12,38.3590731891404
2024-03-13,38.5173881128654
2024-03-14,39.29256831896272
2024-03-15,39.428323251051886
2024-03-18,39.49790874722699
2024-03-19,40.644928059795845
2024-03-20,40.77234537868206
2024-03-21,40.13477964761216
2024-03-22,40.043444124102464
2024-03-25,39.36477152165608
2024-03-26,39.08342835323226
2024-03-27,38.65985124770593
2024-03-28,38.57973399572332
2024-03-29,38.179819840770875
2024-04-01,38.178714821453354
2024-04-02,37.86168767335066
2024-04-03,37.55249857812953
2024-04-04,37.850452735628075
2024-04-05,38.029860983651545
2024-04-08,38.141340670915845
2024-04-09,38.040206050744565
2024-04-10,38.767840619709915
2024-04-11,38.9121748454282
2024-04-12,38.94612527931325
2024-04-15,38.25714033636367
2024-04-16,38.46499458617436
2024-04-17,38.81724937349772
2024-04-18,39.36887114579357
2024-04-19,40.16931834544154
2024-04-22,41.50742013365848
2024-04-23,41.40055220446994
2024-04-24,41.3738105262485
2024-04-25,41.020719982846586
2024-04-26,40.66774044221767
2024-04-29,40.20586641843757
2024-04-30,39.50319281733932
2024-05-01,39.01971258169491
2024-05-02,38.909516916912445
2024-05-03,38.308104279094515
2024-05-06,38.46898358307841
2024-05-07,38.559621661837156
2024-05-08,39.03115766535871
2024-05-09,39.29213844849401
2024-05-10,40.338273789240944
2024-05-13,41.13182327066681
2024-05-14,40.44833703613451
2024-05-15,39.50376650655117
2024-05-16,39.10345944654752
2024-05-17,39.359943914880716
2024-05-20,39.897400483214646
2024-05-21,39.90390759594481
2024-05-22,40.254662687810104
2024-05-23,40.57426077002633
2024-05-24,40.77837932548186
2024-05-27,40.93677292659562
2024-05-28,41.06853556720305
2024-05-29,41.56346132377271
2024-05-30,41.34538621659434
2024-05-31,40.07815200773818
2024-06-03,40.308160144030964
2024-06-04,40.2584405839586
2024-06-05,40.321525173677266
2024-06-06,39.590605983466794
2024-06-07,39.69443847341179
2024-06-10,39.428485649829035
2024-06-11,39.45842067896599
2024-06-12,39.40698069293687
2024-06-13,39.15272820199538
2024-06-14,39.15710844741378
2024-06-17,39.03626841149229
2024-06-18,39.47421040782098
2024-06-19,39.4863180061928
2024-06-20,39.61835678519649
2024-06-21,39.574782207606944
2024-06-24,39.88897495144015
2024-06-25,39.896448922563664
2024-06-26,41.12291207954198
2024-06-27,40.66924787377327
2024-06-28,39.77046413771204
2024-07-01,39.714043774695554
2024-07-02,39.395844969497205
2024-07-03,38.55159366077514
2024-07-04,37.850615321598056
2024-07-05,37.9659848928686
2024-07-08,37.697143334536456
2024-07-09,37.562662940078475
2024-07-10,37.559606617120416
2024-07-11,37.52658875012341
2024-07-12,37.55751933086877
2024-07-15,37.53064021029925
2024-07-16,37.49292460730572
2024-07-17,38.39710197220477
2024-07-18,38.40589544299826
2024-07-19,38.3187288368668
2024-07-22,38.24023758136869
2024-07-23,37.82350039526015
2024-07-24,37.91821702584387
2024-07-25,37.70853155760816
2024-07-26,37.264846266829345
2024-07-29,37.59433977499708
2024-07-30,37.52961587832859
2024-07-31,37.8151642470912
2024-08-01,38.090956481558536
2024-08-02,38.43578081448519
2024-08-05,38.0017625672057
2024-08-06,37.41238450813205
2024-08-07,37.94374504163805
2024-08-08,38.19316374339112
2024-08-09,37.6244019510528
2024-08-12,37.232145497816965
2024-08-13,36.8612514825427
2024-08-14,37.028033346364516
2024-08-15,37.21204380672544
2024-08-16,37.139193488017256
2024-08-19,37.46089189116119
2024-08-20,38.20573764638677
2024-08-21,37.51590855422607
2024-08-22,37.86441865086112
2024-08-23,37.64479485895667
2024-08-26,38.335259048868
2024-08-27,38.378383472007634
2024-08-28,39.03792314093783
2024-08-29,39.27368058480026
2024-08-30,37.941657071502
2024-09-02,37.25500756935158
2024-09-03,37.615621191588296
2024-09-04,37.90402356295884
2024-09-05,38.183579606252586
2024-09-06,38.77441866883989
2024-09-09,38.95644488884851
2024-09-10,38.76609981229732
2024-09-11,37.869899215611966
2024-09-12,37.66048149805046
2024-09-13,37.77903067827865
2024-09-16,37.54002499855113
2024-09-17,37.71412710809109
2024-09-18,37.77503111847808
2024-09-19,37.98162154875714
2024-09-20,37.15853659933849
2024-09-23,37.106437126458985
2024-09-24,37.76700029902372
2024-09-25,37.711003848729334
2024-09-26,36.55342314948575
2024-09-27,37.215426415155136
2024-09-30,37.36710703982082
2024-10-01,37.93908671069281
2024-10-02,37.14472034961263
2024-10-03,37.36569871105034
2024-10-04,37.343452064698354
2024-10-07,37.95266848195749
2024-10-08,38.64657306183629
2024-10-09,38.589346961303754
2024-10-10,38.11812813895118
2024-10-11,37.908486994429786
2024-10-14,38.19213104708397
2024-10-15,38.70243867674905
2024-10-16,38.88467818842354
2024-10-17,39.561381020093506
2024-10-18,40.15431659050737
2024-10-21,41.09250629502086
2024-10-22,41.64704892823049
2024-10-23,40.817379250090454
2024-10-24,41.08879854971029
2024-10-25,41.5028872098609
2024-10-28,40.99585585168872
2024-10-29,39.99973978433782
2024-10-30,39.93580342543813
2024-10-31,40.025761705967525
2024-11-01,39.69402117162745
2024-11-04,40.37485096159098
2024-11-05,40.58506808816534
2024-11-06,41.085421793050145
2024-11-07,41.869038317330194
2024-11-08,42.225552624058025
2024-11-11,41.793664586041174
2024-11-12,42.79673981308358
2024-11-13,42.35756699540883
2024-11-14,42.58709726683735
2024-11-15,42.757493592882994
2024-11-18,43.06888149666513
2024-11-19,42.98663809985567
2024-11-20,43.77616432588487
2024-11-21,43.13531787427411
2024-11-22,43.56511992877666
2024-11-25,44.46410209919755
2024-11-26,44.55477513408833
2024-11-27,44.836510948665115
2024-11-28,44.36699032800227
2024-11-29,44.37310108506696
2024-12-02,42.74101442564945
2024-12-03,42.91872205419693
2024-12-04,43.00451822708362
2024-12-05,43.913949499915624
2024-12-06,43.39795208886909
2024-12-09,42.542620954459395
2024-12-10,42.79250276726496
2024-12-11,42.46738926963695
2024-12-12,42.5717810571758
2024-12-13,42.26635885186194
2024-12-16,43.19859951679145
2024-12-17,43.67768865177668
2024-12-18,44.63401793311476
2024-12-19,45.5910047049638
2024-12-20,45.989719682337125
2024-12-23,45.685277783954845
2024-12-24,45.024699386633486
2024-12-25,45.38669862977446
2024-12-26,45.06529945433396
2024-12-27,44.71243019296763
2024-12-30,44.4966517790587
2024-12-31,43.89064222876624
